,subscribers,company,jobTitle,jobDateRange,company2,jobTitle2,jobDateRange2,school,schoolDegree,schoolDateRange,school2,schoolDegree2,schoolDegreeSpec2,schoolDateRange2
0,434.0,Criteo,Lead Product Manager,avr. 2020 â€“ Aujourdâ€™hui,Criteo,Senior Product Manager,janv. 2018 â€“ mars 2020,SupÃ©lec,IngÃ©nieur,2010 â€“ 2014,KTH Royal Institute of Technology,Douple diplÃ´me,Engineering & Management of Information Systems,2013 â€“ 2014
1,1325.0,Criteo,"Chief of Staff, Chief People Officier and Interim Chief Marketing Officer - ExCom member",mai 2018 â€“ Aujourdâ€™hui,LESS,Cofounder - Business Development,oct. 2016 â€“ avr. 2018,SUPELEC,Master of Engineering - MEng,1988 â€“ 1991,HEC Paris,unknown,unknown,2013 â€“ 2014
2,1185.0,Criteo,Head of Supply Quality and Brand Safety,nov. 2020 â€“ Aujourdâ€™hui,Criteo,Head of Supply Quality,janv. 2019 â€“ nov. 2020,Master International Sport and Event Management - EUROMED MARSEILLE,Master,2010 â€“ 2011,University of Southern Denmark,Echange Erasmus,Marketing,2010 â€“ 2010
3,825.0,Criteo,Sales Manager Retail Media FR,janv. 2021 â€“ Aujourdâ€™hui,Criteo,Senior Account Strategist Retail Media FR,avr. 2020 â€“ janv. 2021,ESSCA,Management,2013 â€“ 2018,Dublin City University,Semestre acadÃ©mique,Management,2015 â€“ 2015
5,769.0,Criteo,Staff Engineering Program Manager,mars 2021 â€“ Aujourdâ€™hui,Blizzard Entertainment,"Director of IT, Europe",mars 2015 â€“ mars 2021,unknown,unknown,unknown,unknown,unknown,unknown,unknown
6,1353.0,Criteo,Senior People Business Partner,janv. 2022 â€“ Aujourdâ€™hui,Criteo,"Senior Manager, People Project Management Office",sept. 2020 â€“ janv. 2022,IAE (Business Management School),Masterâ€™s degree in Human Resources Management,2007 â€“ 2009,IAE (Business Management School),Bachelor's degree in Management Sciences,unknown,2006 â€“ 2007
7,770.0,Criteo,Account Strategist Retail Media,juin 2020 â€“ Aujourdâ€™hui,VeryChic,Ads revenue & Marketing Partnership Assistant,juil. 2019 â€“ dÃ©c. 2019,IÃ‰SEG School of Management,"Formation Grande Ecole, grade master. Bachelor en anglais.",2015 â€“ 2020,unknown,unknown,unknown,unknown
8,334.0,Criteo,Account Manager,sept. 2020 â€“ Aujourdâ€™hui,Criteo,Account Strategist,sept. 2019 â€“ sept. 2020,UniversitÃ© Paris 1 PanthÃ©on-Sorbonne,Master 2 (M2),2019 â€“ 2020,UniversitÃ© Paris 1 PanthÃ©on-Sorbonne,Master 1 Management StratÃ©gique,Management,2018 â€“ 2019
9,958.0,Criteo,"Senior Director, Data Management",avr. 2021 â€“ Aujourdâ€™hui,Criteo,"Senior Director, Data Management and Performance reporting (FP&A)",dÃ©c. 2019 â€“ Aujourdâ€™hui,University of Plymouth,Master of Science,2003 â€“ 2004,ESIEA,unknown,unknown,2000 â€“ 2004
10,400.0,Criteo,EMEA Talent Sourcer,nov. 2021 â€“ Aujourdâ€™hui,L'OrÃ©al,HRIS Project Management trainee,sept. 2020 â€“ oct. 2021,UniversitÃ© Paris 1 PanthÃ©on-Sorbonne,Master 2 (M2),2020 â€“ 2021,Institut Catholique de Paris,Master 1 (M1),Politiques et StratÃ©gies des Ressources Humaines,2019 â€“ 2020
11,445.0,Criteo,Business Planning and Process Intern,janv. 2022 â€“ Aujourdâ€™hui,PonyU,Business Development Intern,oct. 2020 â€“ dÃ©c. 2020,emlyon business school,Program Grande Ecole,2020 â€“ 2022,åä¸œå¸ˆèŒƒå¤§å­¦,Master's degree,Global Management and China Studies,2020 â€“ 2022
12,802.0,Criteo,Agency Account Strategist,mars 2021 â€“ Aujourdâ€™hui,Criteo,Agency Account Strategist Intern,sept. 2020 â€“ mars 2021,emlyon business school,unknown,2017 â€“ 2019,Institut catholique de Paris,"Bachelor's degree in Finance, Management and Corporate Ethic - International circuit(double diploma)",unknown,2014 â€“ 2017
14,1000.0,Criteo,VP Internal IT - DSI,sept. 2018 â€“ Aujourdâ€™hui,GE Digital,IT TSA - Directeur de Programme,nov. 2015 â€“ aoÃ»t 2018,Ecole centrale de Paris,Master of Science degree in Engineering,1998 â€“ 2001,LycÃ©e PrivÃ© Sainte GeneviÃ¨ve,unknown,â€œClasses prÃ©paratoires scientifiques aux Grandes Ecolesâ€,1996 â€“ 1998
16,691.0,Criteo,Engineering Manager Infrastructure Network,avr. 2018 â€“ Aujourdâ€™hui,Criteo,Engineering Program Manager Lead,juin 2017 â€“ mars 2018,Institut national des TÃ©lÃ©communications,IngÃ©nieur,2000 â€“ 2002,UniversitÃ© Pierre et Marie Curie (Paris VI),MaÃ®trise Physique et Applications,Physique,1995 â€“ 2000
17,3658.0,Criteo,Finance Department - Head of Finance Project Management Office,avr. 2021 â€“ Aujourdâ€™hui,Criteo,"Finance Department - Director of Transformation Project Management Office and Change (Paris, FR)",fÃ©vr. 2020 â€“ avr. 2021,"Pace University (NY, NY US)",Bachelor Degree (New York),2003 â€“ 2004,"CEFAM Centre d'Ã‰tudes Franco-AmÃ©ricain de Management (Lyon, FR)",Associate's degree,International Business,2000 â€“ 2003
19,638.0,Criteo,Senior Engineering Program Manager,janv. 2020 â€“ Aujourdâ€™hui,Criteo,Senior Project Manager,juil. 2018 â€“ janv. 2020,Ecole supÃ©rieure d'Electronique de l'Ouest-ESEO ANGERS,2009,2004 â€“ 2009,Externat des Enfants Nantais,Bachelor's Degree,unknown,2004
0,426.0,Criteo,"Account Strategist Food, Retail MÃ©dia",aoÃ»t 2021 â€“ Aujourdâ€™hui,Havas Media Group,Programmatic Display Prospecting and Retargeting Strategist,dÃ©c. 2019 â€“ juil. 2020,EDC Paris Business School,Master of Science - MS,2019 â€“ 2020,EDC Paris Business School,Master of Science - MS,MSc 1 International Entrepreneurship,2018 â€“ 2019
1,1415.0,Criteo,Senior People Business Partner,dÃ©c. 2021 â€“ Aujourdâ€™hui,Bouygues BÃ¢timent International,Responsable Ressources Humaines,oct. 2017 â€“ nov. 2021,UniversitÃ© PanthÃ©on Assas (Paris II),Master's degree,2012 â€“ 2013,UniversitÃ© de Nantes,Master's degree,General Management,2011 â€“ 2012
2,1326.0,Criteo,Global Lead of Tech Partnerships,janv. 2022 â€“ Aujourdâ€™hui,Criteo,"Head of Business Development, App Supply EMEA",juil. 2019 â€“ dÃ©c. 2021,Ecole de Management de Marseille,Master,2010 â€“ 2012,UniversitÃ© Paris Sud (Paris XI),Licence,STAPS,2006 â€“ 2009
3,2905.0,Criteo,Regional HR Director,fÃ©vr. 2019 â€“ Aujourdâ€™hui,Criteo,Senior people manager,sept. 2018 â€“ janv. 2019,UniversitÃ© de Paris,MAITRISE,2001 â€“ 2004,LycÃ©e LyautÃ©e,unknown,unknown,1990 â€“ 1997
5,1744.0,Criteo,Director Publishers Partnership Southern Europe/MEA,sept. 2008 â€“ Aujourdâ€™hui,BLUEMEDIA,Directrice de la PublicitÃ©,juil. 2006 â€“ juin 2008,unknown,unknown,unknown,unknown,unknown,unknown,unknown
6,1633.0,Criteo,Chief Enterprise Architect,nov. 2017 â€“ Aujourdâ€™hui,Lulu,Co-Founder - CTO,mars 2021 â€“ Aujourdâ€™hui,INSEAD,Executive MBA,unknown,Telecom ParisTech,Master's Degree,Network and security,unknown
7,3292.0,Criteo,R&D Recruiter,2021 â€“ Aujourdâ€™hui,CybelAngel,Senior Talent Acquisition Manager,mars 2021 â€“ nov. 2021,Sciences Po,Master's Degree,2012 â€“ 2015,National Law School of India University,Law School,Exchange Student,2011 â€“ 2012
8,1331.0,Criteo,"Field Marketing Manager for France, Benelux, and Nordics",sept. 2021 â€“ Aujourdâ€™hui,Madame Saint Honore,Consultante en marketing et stratÃ©gie digitale,dÃ©c. 2020 â€“ mars 2021,Exatice,unknown,2021 â€“ 2021,NaÃ¯as Formation,Certification en Marketing Digital & StratÃ©gie Digitale,unknown,2020 â€“ 2021
9,674.0,Criteo,Account Strategist EMEA,dÃ©c. 2021 â€“ Aujourdâ€™hui,Criteo,Agency Account Strategist,avr. 2020 â€“ dÃ©c. 2021,ECS (European Communication School),Master,2017 â€“ 2019,UniversitÃ© LumiÃ¨re (Lyon II),Licence,Information et Communication,2013 â€“ 2016
10,2231.0,Criteo,"Director of Internal Communications, Events & Employer Branding",janv. 2022 â€“ Aujourdâ€™hui,Criteo,"Director of Internal Communications, Events & CSR",juin 2020 â€“ janv. 2022,IDRAC Business School,MBA: Master of Business Administration,2009 â€“ 2010,IDRAC Business School,MASTER II Communication,Communication and Advertising,2009 â€“ 2010
11,886.0,Criteo,"Senior Category Lead Buyer - Travel, MarCom, Workplace",sept. 2020 â€“ Aujourdâ€™hui,Criteo,Senior Global Travel Manager,aoÃ»t 2017 â€“ sept. 2020,Audencia,master,2005 â€“ 2009,American University,Master's degree,International Business and Trade,2008 â€“ 2008
12,1053.0,Criteo,Talent Management Program Manager,janv. 2020 â€“ Aujourdâ€™hui,Criteo,Global Mobility Manager,aoÃ»t 2016 â€“ Aujourdâ€™hui,ENSAM/ ENS CACHAN,MS Gestion des ressources humaines et de la mobilitÃ© internationale,2011 â€“ 2012,UniversitÃ© PanthÃ©on Sorbonne (Paris I) / IAE Paris,MASTER,Ressources humaines,2005 â€“ 2006
14,811.0,Criteo,Account Strategist Supply,janv. 2022 â€“ Aujourdâ€™hui,Criteo,Retail Sucess Manager,oct. 2018 â€“ janv. 2022,PSB Paris School of Business,Master's degree,2017 â€“ 2019,PSB Paris School of Business,Bac+5,Commerce,2014 â€“ 2019
16,1105.0,Criteo,Head of IT Transformation & Strategy,janv. 2020 â€“ Aujourdâ€™hui,Criteo,"Senior Director of User, Infrastructure & Security Services",juil. 2017 â€“ janv. 2020,ENSIIE - Ã‰cole Nationale SupÃ©rieure d'Informatique pour l'Industrie et l'Entreprise,Engineering,2003 â€“ 2005,unknown,unknown,unknown,unknown
17,1814.0,Criteo,"Head of Employer Brand, Culture & Engagement",juin 2019 â€“ Aujourdâ€™hui,LinkedIn,"Senior Consultant - Employer Brand, Talent Attraction & Solutions Strategies",mars 2016 â€“ mai 2019,Grenoble Ecole de Management - Grenoble Graduate School of Business,Master of Science,2009 â€“ 2011,INSEEC Campus ChambÃ©ry Savoie,Bachelor,Management,2005 â€“ 2008
19,1461.0,Criteo,"Global Diversity, Equity & Inclusion Specialist",janv. 2022 â€“ Aujourdâ€™hui,Criteo,"Diversity, Equity and Inclusion Program and Partnerships Manager",juil. 2021 â€“ janv. 2022,ISC Paris Business School,Master's degree,2012 â€“ 2015,Shanghai University of International Business and Economics (SUIBE),Master's degree,"Business/Commerce, General",2013 â€“ 2013
21,937.0,Criteo,Senior Product Manager,janv. 2021 â€“ Aujourdâ€™hui,Criteo,Product Manager,dÃ©c. 2019 â€“ dÃ©c. 2020,Supelec,Master's degree,2011 â€“ 2015,ESCP Europe,Master's degree,unknown,2012 â€“ 2015
22,33060.0,Criteo,Membre du conseil d'administration,juin 2017 â€“ Aujourdâ€™hui,La Redoute,Co-Repreneur et PrÃ©sident Directeur GÃ©nÃ©ral,aoÃ»t 2009 â€“ Aujourdâ€™hui,UniversitÃ¤t St.Gallen (HSG),Doctorat,1989 â€“ 1992,ESCP Europe,Master en management,Finance et ComptabilitÃ©,1986 â€“ 1989
23,778.0,Criteo,Project Manager (Global Operations) @ Criteo,sept. 2019 â€“ Aujourdâ€™hui,VIATYS conseil,Senior Consultant in Digital transformation @ Viatys,mai 2017 â€“ aoÃ»t 2019,NEOMA Business School,Master's degree,2008 â€“ 2012,"Tec de Monterrey, Campus Ciudad de Mexico",MBA program,Management,2011 â€“ 2011
24,1350.0,Criteo,Learning & Development,sept. 2021 â€“ Aujourdâ€™hui,Criteo,Learning & Development Intern,avr. 2021 â€“ sept. 2021,CIFFOP,Master's degree,2021 â€“ 2022,Grenoble Ecole de Management,Master's degree,International Human Resource Management in Digital Age,2019 â€“ 2022
25,4330.0,Criteo,"People Director, R&D and Product",oct. 2021 â€“ Aujourdâ€™hui,Criteo,"Senior HR Manager, Engineering, Research & Product",mai 2019 â€“ oct. 2021,CIFFOP,Master 2,2009 â€“ 2010,Ecole supÃ©rieure de Commerce de Toulouse,Master 2,Human Resources,2006 â€“ 2009
26,937.0,Criteo,Talent Acquisition Specialist - EMEA,oct. 2021 â€“ Aujourdâ€™hui,Claudie Pierlot,ChargÃ©e Ressource Humaines Retail France et SiÃ¨ge,sept. 2020 â€“ janv. 2021,KEDGE Business School,IBBA,2015 â€“ 2019,Kedge business,Master of Science - MS,Marketing & Brand Management,2019 â€“ 2021
27,1019.0,Criteo,Project Manager,mai 2017 â€“ Aujourdâ€™hui,Criteo,Sales Operations Analyst,mai 2017 â€“ janv. 2019,EDHEC Business School,Master of Science (MS),2013 â€“ 2014,Istanbul Technical University,BS,Engineering,2007 â€“ 2011
28,2106.0,Criteo,Industry Lead EMEA / Head of CPG ğŸ‡«ğŸ‡·,janv. 2022 â€“ Aujourdâ€™hui,Criteo,Head of Sales Retail Media Food France,janv. 2021 â€“ janv. 2022,ESCP Europe,Executive Master,2014 â€“ 2015,ESCP Europe,ESCP Europe /Certificat Marketing Digital/ Stege Master,Marketing digital,2014 â€“ 2014
29,1358.0,Criteo,Sales Manager Agency,fÃ©vr. 2020 â€“ Aujourdâ€™hui,VECTAURY,Directeur de clientÃ¨le,dÃ©c. 2017 â€“ fÃ©vr. 2020,ESG Management School,Grade Master 2 - Marketing et StratÃ©gies Commerciales,2009 â€“ 2014,Middlesex University,Bachelor's degree,International Business and management,2011 â€“ 2012
30,1840.0,Criteo,"Chief of Staff, Go-To-Market & Strategy",janv. 2022 â€“ Aujourdâ€™hui,Criteo,"Global Director, Go To Market & Strategy",mars 2020 â€“ janv. 2022,London School of Business and Finance,MSc in Marketing,2010 â€“ 2011,ISTEC,Master's degree,unknown,2006 â€“ 2010
31,2821.0,Criteo,Chief of Staff to CEO,sept. 2019 â€“ Aujourdâ€™hui,Criteo,"Industry Head Travel, Classifieds, Auto & Entertainment, France",avr. 2018 â€“ aoÃ»t 2019,Essec Business School Paris,Programme Grande Ã‰cole,2010 â€“ 2013,"Indian Institute of Management, Bangalore",Exchange Program,"Business Administration and Management, General",2012 â€“ 2012
32,2971.0,Criteo,Talent Acquisition Lead for Product,sept. 2021 â€“ Aujourdâ€™hui,Criteo,Lead R&D Recruiter,mai 2019 â€“ sept. 2021,ESGRH (anciennement IRH),Master II EuropÃ©en,unknown,UniversitÃ© Paris X Nanterre,Master,Psychologie du travail et Ergonomie,unknown
33,1888.0,Criteo,Team Lead France,sept. 2021 â€“ Aujourdâ€™hui,Criteo,E-Commerce Account Manager,aoÃ»t 2020 â€“ Aujourdâ€™hui,ESC Rennes - MSc in eCommerce & International Digital Marketing,Master of Science (M.Sc.),2010 â€“ 2013,"International Business Academy, Denmark",Bachelor's degree,International Marketing & Event Management,2011 â€“ 2011
34,859.0,Criteo,Senior Sales Manager,oct. 2020 â€“ Aujourdâ€™hui,FreeWheel,"Manager, Demand Sales",sept. 2017 â€“ oct. 2020,ISEG PARIS,Master's degree,2005 â€“ 2010,UniversitÃ© Sorbonne Nouvelle (Paris III),DEUG LLCE ITALIE,ITALIEN,2004 â€“ 2004
35,577.0,Criteo,Site Reliability Engineer,avr. 2020 â€“ Aujourdâ€™hui,EDF,IngÃ©nieur RÃ©seaux et SÃ©curitÃ©,oct. 2019 â€“ avr. 2020,INSA Lyon - Institut National des Sciences AppliquÃ©es de Lyon,DiplÃ´me d'ingÃ©nieur en apprentissage,2016 â€“ 2019,IUT de Belfort-MontbÃ©liard - UniversitÃ© de Franche-ComtÃ©,DUT RÃ©seaux et TÃ©lÃ©communications,Informatique et RÃ©seau,2014 â€“ 2016
36,1303.0,Criteo,Head of Product Planning and Operations,avr. 2021 â€“ Aujourdâ€™hui,Criteo,Chief Of Staff to the CPO,nov. 2020 â€“ juil. 2021,UniversitÃ© Paris Dauphine,Master 128 - Business Consulting (MBC),2011,The University of Kent,Bachelor of Business Administration (B.B.A.),Business Administration,2008 â€“ 2009
37,1300.0,Criteo,Project Manager,sept. 2019 â€“ Aujourdâ€™hui,Oliver Wyman,Senior Consultant,janv. 2019 â€“ sept. 2019,MINES ParisTech,Master of Science (M.Sc.),2012 â€“ 2016,UniversitÃ© d'Ottawa,Exchange student,unknown,2013 â€“ 2013
38,1086.0,Criteo,Senior Manager Strategic Planning,juin 2020 â€“ Aujourdâ€™hui,Criteo,Project Manager - Strategic Project Office,juin 2019 â€“ mai 2020,Sciences Po,Master's Degree,2013 â€“ 2016,"Trinity College, Dublin",Visiting Student,Economics,2012 â€“ 2013
39,1834.0,Criteo,Product Director - Retail Media Platform,avr. 2020 â€“ Aujourdâ€™hui,Criteo,Senior Product Manager - Retail Media Platform,avr. 2018 â€“ mars 2020,SKEMA Business School,Master of Science - MS,2004 â€“ 2007,LycÃ©e Pothier,unknown,CPGE ECS (PrÃ©pa HEC),2002 â€“ 2004
40,1435.0,Criteo,Senior Sales Manager,avr. 2021 â€“ Aujourdâ€™hui,Criteo,Sales Manager Retail Media CPG,mai 2019 â€“ Aujourdâ€™hui,INSEEC,Master 2,2012 â€“ 2013,Sup de Pub,Master 1,Brand Strategy,2008 â€“ 2012
41,1155.0,Criteo,"Product Director, Retail Media",avr. 2021 â€“ Aujourdâ€™hui,Criteo,Senior Product Manager,janv. 2018 â€“ mars 2021,CentraleSupÃ©lec,Master of Science (MSc),2010 â€“ 2014,unknown,unknown,unknown,unknown
42,21506.0,Criteo,Managing Director Western Europe & Head of Industry Relations Europe,sept. 2021 â€“ Aujourdâ€™hui,Criteo,Managing Director France & Industry Relations Europe,avr. 2021 â€“ oct. 2021,ESSEC Business School,Responsable en Management,2014 â€“ 2016,EDC Paris Business School,Master's degree,"Business Administration and Management, General",2006 â€“ 2011
43,324.0,Criteo,Senior Software Engineer,mars 2021 â€“ Aujourdâ€™hui,Criteo,Software Engineer,janv. 2019 â€“ mars 2021,Institut national polytechnique de Grenoble,unknown,2013 â€“ 2016,é¦™æ¸¯ç§‘å¤§å•†å­¸é™¢,Exchange student,Computer Science,2016 â€“ 2016
44,1639.0,Criteo,Talent Acquisition Specialist EMEA,dÃ©c. 2021 â€“ Aujourdâ€™hui,ENGIE,Talent Acquisition Specialist - Experte en Recrutement,aoÃ»t 2019 â€“ dÃ©c. 2021,Groupe IGS Formation Continue,Master's degree equivalent,2017 â€“ 2018,Rennes School of Business,Master's degree,Marketing/Finance/Ressources Humaines,2003 â€“ 2007
45,2381.0,Criteo,Agency Sales Manager,mars 2020 â€“ Aujourdâ€™hui,Le Figaro,Directrice de clientÃ¨le marque Madame Figaro / Journal des Femmes / MAD chez Media.figaro,aoÃ»t 2017 â€“ fÃ©vr. 2020,EMLV - Ã‰cole de Management LÃ©onard de Vinci,Master 2,2008 â€“ 2013,Erasmus Madrid,unknown,unknown,2010
46,1353.0,Criteo,Lead User Research,fÃ©vr. 2018 â€“ Aujourdâ€™hui,OCTO Technology,Senior UX Designer / Design Thinking,mars 2016 â€“ fÃ©vr. 2018,EHESS - Ecole des Hautes Etudes en Sciences Sociales,unknown,2015 â€“ 2016,Technische Universiteit Delft,Master's degree,Strategic Product Design,2009 â€“ 2011
47,368.0,Criteo,R&D Recruitment Coordinator,mai 2020 â€“ Aujourdâ€™hui,Monceau Langues,English Teacher,mai 2017 â€“ avr. 2020,The University of Glasgow,MSC Management,2010 â€“ 2011,Texas A&M University,Bachelor of Science,Tourism Resource Management,2006 â€“ 2010
48,1854.0,Criteo,Senior Transformation Business Partner,dÃ©c. 2020 â€“ Aujourdâ€™hui,Criteo,Strategy Program Manager,mai 2020 â€“ dÃ©c. 2020,Massachusetts Institute of Technology,Executive Course,2018 â€“ 2018,Stockholm School of Entrepreneurship,Fellowship,unknown,2013 â€“ 2013
49,1625.0,Criteo,Internal Communications Associate,janv. 2020 â€“ Aujourdâ€™hui,Criteo,Project and Events Coordinator - R&D,avr. 2018 â€“ dÃ©c. 2019,SKEMA Business School,Master of Science - MS,2012 â€“ 2014,PSB Paris School of Business,Bachelor of Business Administration - BBA,Marketing et Management,2009 â€“ 2012
50,440.0,Criteo,Account Strategist Retail Media chez Criteo,oct. 2018 â€“ Aujourdâ€™hui,STORETAIL (Acquired by Criteo in 2018),Retail Success Manager,fÃ©vr. 2018 â€“ sept. 2018,Iscom Paris,MASTER (Bac+4),2000 â€“ 2002,unknown,unknown,unknown,unknown
51,2838.0,Criteo,Chief Technology Officer,juil. 2019 â€“ Aujourdâ€™hui,Criteo,"Senior Vice President, R&D",mars 2017 â€“ juil. 2019,Dublin City University,Master of Business Administration (M.B.A.),2012 â€“ 2014,Dublin City University,2nd Class,Electronic Engineering,1990 â€“ 1994
52,178.0,Criteo,R&D Software Engineer,oct. 2019 â€“ Aujourdâ€™hui,invoxia,R&D Machine Learning Engineer,fÃ©vr. 2017 â€“ mars 2019,UniversitÃ© Pierre et Marie Curie,MSc in Computer Science,2015 â€“ 2017,"Ecole spÃ©ciale des Travaux publics, du BÃ¢timent et de l'Industrie",MSc in Engineering and Entrepreneurship,unknown,2011 â€“ 2014
53,1494.0,Criteo,IT Modern Workplace Project Manager - Device & Collaboration,juil. 2020 â€“ Aujourdâ€™hui,Criteo,Collaborateur engineer,mars 2020 â€“ juil. 2020,IB Formation,unknown,2011 â€“ 2011,Lycee dorian,Bachelor of Technology (BTech),Computer and Information Sciences and Support Services,2007 â€“ 2009
54,4115.0,Criteo,Head of Agencies - Account Strategist France,avr. 2021 â€“ Aujourdâ€™hui,Criteo,Head of New Vertical  - Account Strategist France,avr. 2020 â€“ avr. 2021,ICD groupe IGS,Master 2 Management de la relation client,2006 â€“ 2009,unknown,unknown,unknown,unknown
55,2639.0,Criteo,Managing Director EMEA - Criteo Retail Media,aoÃ»t 2018 â€“ Aujourdâ€™hui,50 Partners,Partner,janv. 2019 â€“ Aujourdâ€™hui,NEOMA Business School,unknown,unknown,unknown,unknown,unknown,unknown
56,538.0,Criteo,IT Tech Lead - Core Finance,juin 2018 â€“ Aujourdâ€™hui,BearingPoint,Consultant - Finance & Regulatory,sept. 2014 â€“ mai 2018,ESSEC - ESSEC Business School,MSc. in management (Programme Grande Ã‰cole),2012 â€“ 2014,UniversitÃ© Pierre et Marie Curie (Paris VI),Master,Nuclear engineering,2010 â€“ 2011
57,5865.0,Criteo,Technical sourcer,dÃ©c. 2017 â€“ Aujourdâ€™hui,SNCF RÃ©seau,ChargÃ© de mission RH,nov. 2016 â€“ dÃ©c. 2017,UniversitÃ© Aix Marseille,Master's degree in HR,2011 â€“ 2012,unknown,unknown,unknown,unknown
58,854.0,CEFOIT,CEO & Founder,janv. 2021 â€“ Aujourdâ€™hui,Criteo,Network Security Engineer Free-Lance,juil. 2018 â€“ Aujourdâ€™hui,UniversitÃ© d'Evry-Val d'Essonne,Master 2 (M2),2012 â€“ 2015,unknown,unknown,unknown,unknown
59,592.0,Criteo,Technical solutions manager,janv. 2019 â€“ Aujourdâ€™hui,STORETAIL MARKETING SERVICES,Product Owner,juil. 2018 â€“ dÃ©c. 2018,"Ionis-STM, Ã©cole de double compÃ©tence",Master of Business Administration - MBA,2016 â€“ 2018,"Ionis-STM, Ã©cole de double compÃ©tence",Bachelor Management des SystÃ¨mes d'informations,"SystÃ¨mes d''information de gestion, gÃ©nÃ©ral",2015 â€“ 2016
60,6297.0,IAB Europe,"Vice Chairman, Research Committee",fÃ©vr. 2021 â€“ Aujourdâ€™hui,Criteo,"Head of Research, Insights and Marketing Analytics (IMAX), Criteo",dÃ©c. 2012 â€“ Aujourdâ€™hui,Sciences Po,unknown,1998 â€“ 2000,Institut d'Etudes politiques de Paris,Master's degree,"Economics, Media, Political Science, History of Modern Art, and many, many other things",1997 â€“ 2000
61,788.0,Criteo,R&D ML Engineer,mars 2020 â€“ Aujourdâ€™hui,SAP,Data Science Intern,avr. 2019 â€“ oct. 2019,Ã‰cole Polytechnique,Master 2 (M2),2018 â€“ 2019,Telecom ParisTech,DiplÃ´me d'ingÃ©nieur (Engineering Degree),"Data Science & StratÃ©gie, Innovation, MarchÃ©s (Strategy , Innovation and Markets)",2017 â€“ 2019
62,1194.0,Criteo,"Talent Acquisition Team Lead, EMEA",oct. 2021 â€“ Aujourdâ€™hui,Criteo,Senior Recruiter EMEA,avr. 2021 â€“ oct. 2021,Ecole de Management Strasbourg,Master 2,2008 â€“ 2012,University of La Verne,unknown,"Business, Management, Human resources",2010 â€“ 2011
63,1307.0,Criteo,Senior Staff Development Lead,sept. 2020 â€“ Aujourdâ€™hui,Criteo,Senior Staff Software Engineer,janv. 2019 â€“ Aujourdâ€™hui,Dnipropetrovsk National University,Master,2006 â€“ 2011,unknown,unknown,unknown,unknown
64,304.0,Criteo,PhD Student,sept. 2019 â€“ Aujourdâ€™hui,Criteo,Research Intern,fÃ©vr. 2019 â€“ sept. 2019,Ã‰cole des Ponts ParisTech,Doctorat,2020 â€“ 2023,INSA Lyon - Institut National des Sciences AppliquÃ©es de Lyon,unknown,IngÃ©nierie des tÃ©lÃ©communications,2014 â€“ 2019
65,1898.0,Criteo,Responsable RSE Monde (responsabilitÃ© sociÃ©tale entreprise),mai 2019 â€“ Aujourdâ€™hui,Total,Chef de projet Communications - Europe,2018 â€“ 2019,Des Enjeux et des Hommes,Responsable DÃ©veloppement Durable - RSE,2021 â€“ 2021,UniversitÃ© Paris 2 PanthÃ©on-Assas,IFP Institut FranÃ§ais de Presse - Master Communication & MÃ©dias Internationaux,Ã‰tude de la communication et des mÃ©dias,2014 â€“ 2016
66,829.0,Criteo,Key Account Strategist EMEA,oct. 2021 â€“ Aujourdâ€™hui,Deliveroo,Key Account Associate,janv. 2021 â€“ oct. 2021,NEOMA Business School,Master SpÃ©cialisÃ© Business Development et Clients Grands Comptes,2019 â€“ 2020,EDHEC Business School,Bachelor in Business Administration (BBA),unknown,2015 â€“ 2019
67,4155.0,Criteo,EMEA Recruiter - Sales & Ops Talent Acquisition - RPO,mars 2021 â€“ Aujourdâ€™hui,PLES Convergence,IT Tech Recruiter,juil. 2019 â€“ Aujourdâ€™hui,NEOMA Business School,unknown,2015 â€“ 2019,å¯¹å¤–ç»æµè´¸æ˜“å¤§å­¦,Chinese culture and business master,Chinese culture,2018 â€“ 2018
68,1369.0,Criteo,"Global Employer Brand, Culture & Engagement Specialist",juil. 2019 â€“ Aujourdâ€™hui,Criteo,R&D Employer Brand Specialist,sept. 2018 â€“ juin 2019,Grenoble Ecole de Management,"DESMA, DiplÃ´me d'Etudes SupÃ©rieures en Management",2014 â€“ 2018,ESIC Business & Marketing School,Erasmus exchange - Madrid,Marketing & Communication,2016
69,8317.0,Criteo,Senior Talent Acquisition Specialist - R&D - Cybersecurity,nov. 2021 â€“ Aujourdâ€™hui,GLOBAL Technologies,ChargÃ©e de Recrutement International - NATO,juil. 2020 â€“ nov. 2021,University of South Australia,Bachelor's degree,2019 â€“ 2023,"Haute Ecole de Joaillerie, Paris France",unknown,Bijouterie,2017 â€“ 2017
70,666.0,Criteo,Program Manager,avr. 2020 â€“ Aujourdâ€™hui,Criteo,Senior Key Account Strategist,juil. 2019 â€“ avr. 2020,ESSEC - ESSEC Business School,"Programme Grande Ecole, Master of Science in Management",2011 â€“ 2015,Saint Louis de Gonzague-Franklin,Classe PrÃ©paratoire,unknown,2009 â€“ 2011
71,94.0,Criteo,Stagiaire Corporate tax,juil. 2021 â€“ Aujourdâ€™hui,PwC SociÃ©tÃ© d'Avocats,Stagiaire Corporate tax,juin 2020,ESCP Business School,Master SpÃ©cialisÃ©,2020 â€“ 2021,UniversitÃ© Paris 1 PanthÃ©on-Sorbonne,Master 2 (M2),OpÃ©rations et fiscalitÃ© internationales des sociÃ©tÃ©s,2019 â€“ 2020
72,1186.0,Criteo,Account Strategist - Retail Media,mars 2020 â€“ Aujourdâ€™hui,Meero,Customer Success Manager,mai 2019 â€“ mars 2020,Ã‰cole MultimÃ©dia,Master 1,2014 â€“ 2015,Sup'Internet,Bachelor,Business & Marketing Internet,2011 â€“ 2014
73,76.0,Criteo,Chief Marketing officer,sept. 2021 â€“ Aujourdâ€™hui,Contentsquare,Responsable marketing,janv. 2020 â€“ sept. 2021,ESSEC Business School,unknown,1997,unknown,unknown,unknown,unknown
74,59.0,Criteo,Cash Collection Clerk,mai 2021 â€“ Aujourdâ€™hui,HAMAM,Sales Specialist,avr. 2019 â€“ janv. 2021,UniversitÃ© Paris 1 PanthÃ©on-Sorbonne,Master's degree,2015 â€“ 2017,Galatasaray Ãœniversitesi,Licence,Ã‰conomie,2010 â€“ 2014
75,409.0,Criteo,Senior People Business Partner - EMEA,fÃ©vr. 2018 â€“ Aujourdâ€™hui,Criteo,HR Business Partner - Southern Europe,aoÃ»t 2017 â€“ janv. 2018,ENC BessiÃ¨res,Brevet de Technicien SupÃ©rieur,2001 â€“ 2002,"LycÃ©e Jean Moulin, Torcy",BTS Tourisme,unknown,unknown
76,566.0,Criteo,Head Of Retail,janv. 2020 â€“ Aujourdâ€™hui,Criteo,Head of Account Strategy Retail,oct. 2016 â€“ dÃ©c. 2019,unknown,unknown,unknown,unknown,unknown,unknown,unknown
77,399.0,Criteo,People Development Specialist,juil. 2019 â€“ Aujourdâ€™hui,Criteo,Global Learning Programs Coordinator,mars 2018 â€“ nov. 2018,UniversitÃ© de Picardie Jules Verne (Amiens),Licence HumanitÃ©s â€“ Mention Langues EtrangÃ¨res AppliquÃ©es SpÃ©cialitÃ©s Allemand / Anglais,2008,unknown,unknown,unknown,unknown
78,3059.0,Criteo,Manager Talent Acquisition for R&D and Product,nov. 2020 â€“ Aujourdâ€™hui,Criteo,Talent Acquisition Lead for Product,avr. 2020 â€“ oct. 2020,ESSEC Business School,Master of HR Management,2014 â€“ 2015,"ESA BUSINESS SCHOOL, France",Master's degree,International Business/Trade/Commerce,2001 â€“ 2003
79,4029.0,Criteo,VP Government Affairs and Public Policy,nov. 2021 â€“ Aujourdâ€™hui,OneTrust,Paris Chapter Chair Privacy Connect,aoÃ»t 2020 â€“ Aujourdâ€™hui,Duke University School of Law,LL.M,1996 â€“ 1997,UniversitÃ© Robert Schuman (Strasbourg III),Post Graduate Degree (D.E.A),European Law,1998 â€“ 1999
80,787.0,Criteo,Staff Engineering Program Manager,oct. 2019 â€“ Aujourdâ€™hui,BNP Paribas,Big Data Program Manager and I Manager at BNP PARIBAS / BDDF,oct. 2015 â€“ oct. 2019,UniversitÃ© Pierre et Marie Curie (Paris VI),Master Degree / Bac +5,2002 â€“ 2003,UniversitÃ© Denis Diderot (Paris VII) / University Paris VII,Bac +4 / MaÃ®trise informatique,Science Computer / informatique,2000 â€“ 2002
81,361.0,Criteo,Product specialist,oct. 2018 â€“ Aujourdâ€™hui,STORETAIL MARKETING SERVICES,Product specialist,janv. 2018 â€“ sept. 2018,PSB Paris School of Business,Master's degree,2015 â€“ 2017,UniversitÃ© de Cergy-Pontoise,Licence,"Economie, Gestion et finance",2011 â€“ 2015
82,549.0,Criteo,Product Manager,mars 2019 â€“ Aujourdâ€™hui,Google,Customer Experience Manager UK/IE,sept. 2016 â€“ 2019,UCD Michael Smurfit Graduate School of Business,Master of Science - MS,2015 â€“ 2016,WU (Vienna University of Economics and Business),Master of Science - MS,International Management,2015 â€“ 2016
83,2961.0,Criteo,Senior Software Development Engineer,avr. 2021 â€“ Aujourdâ€™hui,Criteo,Software Development Engineer,juil. 2019 â€“ mars 2021,TÃ©lÃ©com SudParis,Software Engineering,2016 â€“ 2018,SUP'COM,Telecommunication Engineering Degree,Computer Systems and Networks of Telecommunication,2014 â€“ 2016
84,904.0,Criteo,Manager EMEA - Ad Operations & Technical Solutions,juin 2020 â€“ Aujourdâ€™hui,Criteo,Manager EMEA - Technical Solutions,juil. 2018 â€“ juin 2020,Grenoble Ecole de Management,MastÃ¨re SpÃ©cialisÃ© Management Technologique et Innovation,2010 â€“ 2011,Polytech Nantes,Diplome d'ingÃ©nieur,Informatique,2007 â€“ 2010
85,1124.0,Criteo,Project Manager - Product Planning and Operations,oct. 2021 â€“ Aujourdâ€™hui,BearingPoint,Senior Business Consultant,oct. 2019 â€“ sept. 2021,Lund University School of Economics and Management,Master of Science (M.Sc.),2013 â€“ 2015,The Faculty of Engineering at Lund University,Master of Science (M.Sc.),Computer Science,2010 â€“ 2015
86,100.0,Criteo,Account receivable,juil. 2017 â€“ Aujourdâ€™hui,Z-PUNKT CONSULTING,Senior Consultant,mai 2015 â€“ juin 2016,SKEMA Business School,Master of Science (MSc),2015 â€“ 2017,Sichuan University,Master's degree,Enterprises Management,2012 â€“ 2014
87,793.0,Criteo,Account Manager Large Account,mars 2021 â€“ Aujourdâ€™hui,Google,New Business Associate,nov. 2019 â€“ nov. 2020,NEOMA Business School,Master's degree,2014 â€“ 2019,"Institute of Management Technology, HYDERABAD",Master's degree,"Marketing, Psychometrics, Supply Chain",2018 â€“ 2018
88,511.0,Criteo,Key Account Strategist,oct. 2021 â€“ Aujourdâ€™hui,KR Wavemaker,Digital Campaign Executive Senior chez KR Wavemaker,oct. 2019 â€“ oct. 2021,ISC Paris,Master en Marketing Digital et E-Business,2014 â€“ 2017,IUT de Saint-Denis Paris 13,DUT Techniques de commercialisation,unknown,2011 â€“ 2013
89,1082.0,Criteo,Transformation Planning & Insight Manager,janv. 2021 â€“ Aujourdâ€™hui,Criteo,Sales Operations Analyst - Business Planning & Incentive Management,juil. 2018 â€“ dÃ©c. 2020,HEC School of Management / HEC Paris,M2 in International Management,2010 â€“ 2014,University College Dublin,CEMS,International Management,2013 â€“ 2013
90,520.0,Criteo,Product Manager Creative,mars 2020 â€“ Aujourdâ€™hui,SNCF MobilitÃ©s,Consultant Product Owner Applications Mobiles,janv. 2018 â€“ fÃ©vr. 2020,Institut des Sciences et Techniques des Yvelines,DiplÃ´me d'ingÃ©nieur,2008 â€“ 2011,LycÃ©e Alain Fournier,Classes PrÃ©paratoires aux Grandes Ecoles,MPSI - MP,2006 â€“ 2008
91,845.0,Criteo,Vertical Lead - Key Accounts EMEA,avr. 2021 â€“ Aujourdâ€™hui,Criteo,Client Partner,sept. 2019 â€“ avr. 2021,Institut d'Etudes Politiques de Paris (Sciences Po),Master,2009 â€“ 2011,George Mason University,Bachelor,Global Affairs,2007 â€“ 2009
92,608.0,Criteo,"Director, Head of Process Excellence",mai 2021 â€“ Aujourdâ€™hui,Criteo,Senior Manager leading Internal Audit and Risk Management,mars 2017 â€“ oct. 2021,UniversitÃ© Paris Dauphine- PSL,DESS 242 - Master 2,2002 â€“ 2003,"IAE Toulouse, Ecole de Management de l'UniversitÃ© Toulouse 1 Capitole",Master 1,Sciences of Management,1998 â€“ 2002
93,394.0,Criteo,Account Strategist,mai 2021 â€“ Aujourdâ€™hui,Criteo,Account Strategist,juin 2020 â€“ sept. 2020,SKEMA Business School,Master of Science - MSc,2020 â€“ 2021,INSEEC U.,Bachelor of Business Administration - BBA,"Marketing/Marketing Management, General",2016 â€“ 2020
94,309.0,Criteo,Freelance Software Developer,oct. 2021 â€“ Aujourdâ€™hui,Societe Generale Corporate and Investment Banking - SGCIB,DÃ©veloppeur full-stack C#/React,janv. 2019 â€“ oct. 2021,EPITA: IngÃ©nierie Informatique,IngÃ©nierie Informatique,2013 â€“ 2016,ESILV - Ecole SupÃ©rieure d'IngÃ©nieurs LÃ©onard de Vinci,unknown,unknown,2010 â€“ 2013
95,836.0,Criteo,Account Strategist,avr. 2014 â€“ Aujourdâ€™hui,TEDEMIS (by Criteo),Chef de projet emailing acquisition,mars 2013 â€“ avr. 2014,PPA Business School,directrice marketing,2010 â€“ 2011,PÃ´le Paris Alternance Groupe GES,MBA,Marketing Ebusiness et Innovation,2010 â€“ 2011
96,1037.0,Criteo,"VP, Financial Planning & Analysis, Procurement",mai 2018 â€“ Aujourdâ€™hui,L'OrÃ©al,Finance Director - Garnier Maybelline,sept. 2016 â€“ mai 2018,HEC School of Management / HEC Paris,unknown,2001 â€“ 2005,Sainte Genevieve,Classe prepa,unknown,1999 â€“ 2001
97,783.0,Criteo,Project Manager - Product Planning and Operations,juil. 2021 â€“ Aujourdâ€™hui,Criteo,Project Manager - Publisher Supply Partnerships and Solutions,avr. 2019 â€“ juil. 2021,Polytech'Tours,Engineer's degree,2009 â€“ 2012,Polytech'Tours,Master's degree,Recherche opÃ©rationnelle,2012 â€“ 2012
98,655.0,Criteo,Senior SRE Observability Team Lead,sept. 2019 â€“ Aujourdâ€™hui,OVH,Network Automation Principal Engineer,sept. 2018 â€“ sept. 2019,SUPINFO International University,International Master of Science,2007 â€“ 2012,unknown,unknown,unknown,unknown
99,425.0,Criteo,Account Strategist,aoÃ»t 2021 â€“ Aujourdâ€™hui,BRAND BEHAVIOR ASSETS,Consultante junior,nov. 2020 â€“ avr. 2021,IÃ‰SEG School of Management,Master of Science - MS,2017 â€“ 2020,Santa Clara University,Exchange program,Leavey School of Business,2018 â€“ 2018
100,1542.0,Criteo,"Regional Managing Director, Criteo Retail Media Advertising, Southern Europe",mars 2020 â€“ Aujourdâ€™hui,Criteo,Head of Retail Media France,mars 2019 â€“ mars 2020,Ã‰cole de Biologie Industrielle,unknown,1999 â€“ 2003,unknown,unknown,unknown,unknown
101,11.0,Criteo,HR EXECUTIVE EMEA,mars 2016 â€“ Aujourdâ€™hui,Fnac,Gestionnaire Paie et Administration du Personnel,oct. 2012 â€“ oct. 2015,UniversitÃ© Paris-Est CrÃ©teil (UPEC),Master 2,2008 â€“ 2010,UniversitÃ© Paris - Val-de-Marne (Paris XII),Master 2 Relations sociales et NÃ©gociation,Ressources Humaines,2005 â€“ 2010
102,602.0,Criteo,Engineering Manager - Id,avr. 2018 â€“ Aujourdâ€™hui,Criteo,Lead Software Developer - Cross-Device Team,janv. 2016 â€“ mars 2018,KTH Royal Institute of Technology,Master's degree,2005 â€“ 2006,SupÃ©lec,Master of Engineering - MEng,Computer Engineering,2003 â€“ 2006
103,624.0,Criteo,Cash Manager,janv. 2017 â€“ Aujourdâ€™hui,Criteo,Junior Cash Manager,dÃ©c. 2014 â€“ dÃ©c. 2016,University of Paris I: PanthÃ©on-Sorbonne,Master's degree (Second Year),2013 â€“ 2014,The University of Glasgow,unknown,Science in Management,2012 â€“ 2013
104,151.0,Criteo,People Experience Advisor France,mai 2019 â€“ Aujourdâ€™hui,Sopra Steria,Gestionnaire RH,avr. 2017 â€“ avr. 2019,Toulouse School of Management,Master 2 (M2),2007 â€“ 2008,universitÃ© Toulouse 1,Master 1,Droit du travail,2006 â€“ 2007
105,646.0,Criteo,VP Tax Group (head of),avr. 2021 â€“ Aujourdâ€™hui,Criteo,Directeur Fiscal Groupe Senior - Group Senior Tax Director (head of) at Criteo,avr. 2020 â€“ Aujourdâ€™hui,Certificat d'Aptitude Ã  la Profession d'Avocat,unknown,2005 â€“ 2007,UniversitÃ© Robert Schuman (Strasbourg III),DiplÃ´me de Juriste Conseil d'Entreprise - DESS en droit des affaires,unknown,2004 â€“ 2005
106,355.0,Criteo,Senior EMEA Payroll Specialist,avr. 2021 â€“ Aujourdâ€™hui,Criteo,EMEA Payroll Specialist,juin 2019 â€“ mars 2021,Management Center Innsbruck,Master of Arts (MA),2014 â€“ 2016,Fudan University,unknown,International Studies,2016 â€“ 2016
107,630.0,Criteo,Senior Account Strategist,avr. 2017 â€“ Aujourdâ€™hui,Clarins Group,Product Manager Assistant for Azzaro perfumes,janv. 2016 â€“ sept. 2016,ESC Toulouse,unknown,2011 â€“ 2015,"Semestre Ã  University of Technology of Sydney, Sydney, Australia",unknown,unknown,2014
108,680.0,Criteo,Senior key account strategist,mars 2017 â€“ Aujourdâ€™hui,Effilab,Digital Account Strategist,avr. 2016 â€“ aoÃ»t 2016,EDHEC Business School,Master in management,2012 â€“ 2014,"Indian Institute of Management, Ahmedabad",Post Graduate Exchange Program,unknown,2015 â€“ 2015
109,239.0,Criteo,Global Sales Operations Analyst - Internship,juil. 2021 â€“ Aujourdâ€™hui,Mediteksa,Buisness Analyst,dÃ©c. 2019 â€“ juin 2020,ESSEC | CentraleSupÃ©lec - Master Data Sciences & Business Analytics,Master Data Science & Business Analytics,2020 â€“ 2021,Pontificia Universidad CatÃ³lica de Chile,unknown,Commercial Engineering,2012 â€“ 2017
110,452.0,Criteo,Corporate and Procurement Legal Counsel,juil. 2019 â€“ Aujourdâ€™hui,PwC,Legal Counsel - Manager,janv. 2015 â€“ juin 2019,Essec Business School Paris,Master's degree,2010 â€“ 2011,The University of Reading,LL.M in Advanced Legal Studies (Merit),unknown,2008 â€“ 2009
111,1522.0,Criteo,Senior Account Strategist  - Strategic & Key Accounts EMEA,oct. 2021 â€“ Aujourdâ€™hui,Criteo,Account Strategist  - Strategic & Key Accounts EMEA,avr. 2021 â€“ oct. 2021,KEDGE Business School,Master in Management I Programme Grande Ã‰cole,2015 â€“ 2019,IUT de Roubaix,DUT Techniques de commercialisation,unknown,2013 â€“ 2015
112,579.0,Criteo,Account Strategist Retail Media,sept. 2021 â€“ Aujourdâ€™hui,Olam Ventures,Chief People Officer,aoÃ»t 2021 â€“ Aujourdâ€™hui,UniversitÃ© Paris Dauphine,Bachelor in management and organisations,2018 â€“ 2021,"UniversitÃ© Paris-Dauphine, London Campus",Bachelor's degree,Economics and Management,2021 â€“ 2021
113,643.0,Criteo,Senior Account Strategist,avr. 2021 â€“ Aujourdâ€™hui,Criteo,Account Strategist,oct. 2018 â€“ avr. 2021,KEDGE Business School,Masterâ€™s Degree,2012 â€“ 2017,Universidad de Chile,Masterâ€™s Degree,Marketing,2016 â€“ 2016
114,625.0,Criteo,IT Modern Workplace Project Manager,janv. 2020 â€“ Aujourdâ€™hui,Criteo,Digital Workplace project manager,juil. 2017 â€“ janv. 2020,Louis Armand,License,1997 â€“ 1998,Parc des Loges,BTS,Informatiques,1995 â€“ 1997
115,616.0,Criteo,Legal Counsel Corporate / Procurement contracts,janv. 2021 â€“ Aujourdâ€™hui,LPA-CGR avocats,Associate - Japan Desk Paris,avr. 2016 â€“ janv. 2021,AdmissionÂ toÂ theÂ ParisÂ BarÂ (CAPA-Avocat),Avocat,1996 â€“ 1997,UniversitÃ© Paris Nanterre,MasterÂ (DESS),InternationalÂ BusinessÂ Law,1994 â€“ 1995
116,316.0,Criteo,Audit Apprentice / Internal Controller,sept. 2020 â€“ Aujourdâ€™hui,American Hospital of Paris,"Assistante d'activitÃ©s financiÃ¨res et comptables, Direction FinanciÃ¨re",juil. 2019 â€“ aoÃ»t 2019,PSB Paris School of Business,Master,2016 â€“ 2021,The University of Manchester,unknown,International Business,2018 â€“ 2019
117,502.0,Criteo,Software Engineer,janv. 2022 â€“ Aujourdâ€™hui,BlaBlaCar,Data Science Intern,avr. 2021 â€“ sept. 2021,HEC Paris,MSc Data Science for Business,2019 â€“ 2021,Ã‰cole Polytechnique,MSc Data Science for Business,unknown,2019 â€“ 2021
118,414.0,Criteo,Software Engineer,2021 â€“ Aujourdâ€™hui,SociÃ©tÃ© GÃ©nÃ©rale,Stage de fin d'Ã©tudes,2017 â€“ 2018,EFREI - Ecole FranÃ§aise d'Electronique et d'Informatique,Master Ã  dominante scientifique,2015 â€“ 2018,Staffordshire University,unknown,Technologies de l'â€‹'information,2015 â€“ 2015
119,1207.0,Criteo,Account Strategist Retail Media,mars 2021 â€“ Aujourdâ€™hui,Monoprix Online,Growth Manager Junior,juil. 2020 â€“ dÃ©c. 2020,EDHEC Business School,Master in Management,2016 â€“ 2020,"University of California, Berkeley, Haas School of Business",Double Degree in Global Economic Transformation & Technology,Business Administration,2019 â€“ 2020
120,860.0,Criteo,Data Analyst,oct. 2021 â€“ Aujourdâ€™hui,Criteo,Data Analyst Intern,juil. 2021 â€“ sept. 2021,HEC Paris,Master's degree,2018 â€“ 2021,Emory University - Goizueta Business School,MBA Exchange Program,unknown,2020 â€“ 2021
121,829.0,Criteo,"Internal Control & Risk Management (ICRM), Senior manager",juin 2015 â€“ Aujourdâ€™hui,PwC (PricewaterhouseCoopers),Senior Manager en Audit Interne et gestion des risques,mars 2006 â€“ juin 2015,ESSCA,Master,2000 â€“ 2005,IIA,CIA (Certified Internal Auditor),Audit Interne,2010 â€“ 2010
122,96.0,Criteo,IT Engineer - Core Infrastructure,janv. 2020 â€“ Aujourdâ€™hui,Criteo,IngÃ©nieur RÃ©seau et sÃ©curitÃ© (prestation via Arcatem),oct. 2016 â€“ janv. 2020,IngÃ©sup,"Master 2, SystÃ¨mes, RÃ©seaux et TÃ©lÃ©communication",2012 â€“ 2013,unknown,unknown,unknown,unknown
123,674.0,Criteo,"Senior Sales Operations Analyst, EMEA & APAC",juil. 2021 â€“ Aujourdâ€™hui,Criteo,Sales Operations Analyst,juil. 2020 â€“ juil. 2021,ESSEC Business School,MSc in Management,2016 â€“ 2020,LycÃ©e Henri IV,unknown,Classe prÃ©paratoire aux grandes Ã©coles de commerce ECS,2014 â€“ 2016
124,328.0,Criteo,IngÃ©nieure en dÃ©veloppment logiciel en R&D,aoÃ»t 2021 â€“ Aujourdâ€™hui,BNP Paribas CIB,IngÃ©nieure DÃ©veloppeuse,mai 2020 â€“ aoÃ»t 2021,Polytech Sorbonne,DiplÃ´me d'ingÃ©nieur,2016 â€“ 2019,Shahid Beheshti University,L2,Informatique,2013 â€“ 2016
125,486.0,Criteo,Stagiaire fiscaliste,janv. 2022 â€“ Aujourdâ€™hui,Cohen & Gresser LLP,Stagiaire en Droit Fiscal,janv. 2021 â€“ juin 2021,UniversitÃ© Paris 2 PanthÃ©on-Assas,Master 2 FiscalitÃ© Internationale Assas - HEC,2019 â€“ 2020,Bond University,Master of Laws - LLM International Business and Finance Law,Law,2018 â€“ 2019
126,790.0,Criteo,Platform Administrator ServiceNow,mai 2021 â€“ Aujourdâ€™hui,Engage ESM,ServiceNow Consultant,mai 2019 â€“ mai 2021,UniversitÃ© de Rennes 1,Doctorat de droit,2016 â€“ 2021,Fitec - Devenez,Consultant IntÃ©grateur,ServiceNow,2018 â€“ 2019
127,745.0,Criteo,Senior Software Developer Lead - Manager,fÃ©vr. 2017 â€“ Aujourdâ€™hui,Citrix,Software Engineer II,janv. 2016 â€“ juil. 2016,"University of California, Santa Barbara",Master's degree,2010 â€“ 2013,Arizona State University,Bachelor of Science (BS),Physics and Mathematics,2006 â€“ 2010
128,644.0,Criteo,Juriste Corporate,fÃ©vr. 2021 â€“ Aujourdâ€™hui,Criteo,Juriste Corporate,juin 2020 â€“ nov. 2020,ESCP Europe,MastÃ¨re SpÃ©cialisÃ©,2019 â€“ 2020,Queen Mary University of London,unknown,Droit Bancaire et Financier,2020 â€“ 2020
129,380.0,Criteo,DC Operations Engineer,sept. 2020 â€“ Aujourdâ€™hui,Sweet Punk,Infrastructure engineer,nov. 2019 â€“ juil. 2020,EFREI Paris,DiplÃ´me d'ingÃ©nieur,2020 â€“ 2023,"GOBELINS, l'Ã©cole de l'image",Bachelor en DÃ©veloppement Interactif,Technologies de l''information,2019 â€“ 2020
130,762.0,Criteo,Product Manager,dÃ©c. 2019 â€“ Aujourdâ€™hui,Criteo,Data analyst,mai 2016 â€“ dÃ©c. 2019,HEC Paris,Majeure Entrepreneur,2011 â€“ 2015,UniversitÃ© PanthÃ©on Sorbonne (Paris I),Licence,MathÃ©matiques,2011 â€“ 2012
131,625.0,Criteo,Head of Account Strategist France - Criteo,janv. 2021 â€“ Aujourdâ€™hui,Criteo,Account Manager - Team lead,sept. 2018 â€“ janv. 2021,SKEMA BUSINESS SCHOOL,Master in International marketing & Business development,2007 â€“ 2011,unknown,unknown,unknown,unknown
132,3895.0,Criteo,"Legal Counsel, Global Legal Commercial & Product",janv. 2021 â€“ Aujourdâ€™hui,Sciences Po,External Lecturer,aoÃ»t 2021 â€“ Aujourdâ€™hui,EFB,Admitted to the Paris Bar (CAPA),2015 â€“ 2017,University of Cambridge,Master's degree,unknown,2012 â€“ 2014
133,4062.0,Criteo,Chairwoman of the Board,aoÃ»t 2020 â€“ Aujourdâ€™hui,SNCF MobilitÃ©s,Directrice GÃ©nÃ©rale,2014 â€“ 2020,HEC Paris,unknown,1985 â€“ 1988,unknown,unknown,unknown,unknown
134,504.0,Criteo,IT Tech Lead - Identity & Cloud,janv. 2020 â€“ Aujourdâ€™hui,Criteo,IT System Engineering Team Lead,juin 2019 â€“ janv. 2020,SUPINFO,unknown,2009 â€“ 2013,LycÃ©e LÃ©onard de Vinci Levallois,unknown,unknown,2006 â€“ 2008
135,345.0,Criteo,Senior Tax Manager,oct. 2019 â€“ Aujourdâ€™hui,CMS Francis Lefebvre Avocats,"FiscalitÃ© internationale et prix de transfert, Ã©valuation dâ€™actifs",mars 2015 â€“ Aujourdâ€™hui,EDHEC Business School,Master of Science (MSc),2007 â€“ 2011,FacultÃ© Libre de Droit of the Institut Catholique de Lille,Master 2,Droit des affaires,2010 â€“ 2011
136,555.0,Criteo,Brand Account Strategist,janv. 2022 â€“ Aujourdâ€™hui,Jellyfish,Account Executive,juin 2021 â€“ nov. 2021,UniversitÃ© Paris Dauphine- PSL,Masterâ€™s degree,2020 â€“ 2021,Reichman University (IDC Herzliya),Exchange program,Business Administration,2020 â€“ 2020
137,773.0,Criteo,Head Of Design Retail Media EMEA,fÃ©vr. 2020 â€“ Aujourdâ€™hui,Criteo,Senior Creative Strategist - Lead French Market,janv. 2019 â€“ janv. 2020,Efficom,Bac+3 Concepteur RÃ©alisation Web,2012 â€“ 2013,UniversitÃ© Paris Nord- Paris 13,DUT Service et RÃ©seaux de Communication,Graphic Design,2010 â€“ 2012
138,451.0,Criteo,Software Engineer,sept. 2021 â€“ Aujourdâ€™hui,Hippoc Cognitive Network,Software Engineer (AI/ML),mai 2020 â€“ Aujourdâ€™hui,Imperial College London,Master's degree,2017 â€“ 2018,ISAE-SUPAERO,Master's degree,Aerospace and Aeronautical Engineering,2015 â€“ 2019
139,219.0,Criteo,Internal Communication & CSR,sept. 2021 â€“ Aujourdâ€™hui,Label AÃ‰ Paris,Assistant commercial,janv. 2021 â€“ juil. 2021,ESI GREEN & SOCIAL BUSINESS SCHOOL,Master 2 (M2),2021 â€“ 2022,UniversitÃ© Paris-Est CrÃ©teil (UPEC),Master's degree,Economics and International Business,2019 â€“ 2021
140,633.0,Criteo,Product Manager,sept. 2020 â€“ Aujourdâ€™hui,Criteo,Global App Operations Engineer,avr. 2018 â€“ sept. 2020,Institut national des Sciences appliquÃ©es de Lyon,Masterâ€™s Degree,2008 â€“ 2013,Chalmers tekniska hÃ¶gskola / Chalmers University of Technology,Erasmus Student,Telecommunications Engineering,2013 â€“ 2013
141,1429.0,Criteo,Staff Machine Learning Engineer Lead,oct. 2021 â€“ Aujourdâ€™hui,Criteo,Senior Dev Lead,mars 2020 â€“ oct. 2021,The University of Manchester,Doctor of Philosophy (Ph.D.),2013 â€“ 2017,The University of Manchester,MSc,Advanced Computer Science,2012 â€“ 2013
142,386.0,Criteo,Software reliability engineer,sept. 2019 â€“ Aujourdâ€™hui,AXA Partners,DÃ©veloppeur Java,avr. 2019 â€“ aoÃ»t 2019,ECE Paris,DiplÃ´me d'ingÃ©nieur,2014 â€“ 2019,Nelson Mandela Metropolitan University,unknown,Computer Science,2016 â€“ 2016
143,662.0,Criteo,Account strategist Intern,fÃ©vr. 2021 â€“ Aujourdâ€™hui,SKEMA Business School,Student,sept. 2019 â€“ Aujourdâ€™hui,SKEMA Business School,Programme grande Ã©cole,2019 â€“ 2023,Centre International de Valbonne,CPGE,Ã‰conomie,2017 â€“ 2019
144,825.0,Criteo,Business Analyst - Business Escalation,janv. 2022 â€“ Aujourdâ€™hui,YOOX NET-A-PORTER GROUP,Business Analyst,juin 2019 â€“ janv. 2022,MIP-Politecnico Di Milano,International Master in Business Analytics and Big Data,2018 â€“ 2019,American University of Beirut,Master's degree,Applied Mathematics,2015 â€“ 2016
145,601.0,Criteo,Analyst - Global Market Performance,fÃ©vr. 2019 â€“ Aujourdâ€™hui,Metropolitan Thames Valley,Strategic Insight Analyst,sept. 2017 â€“ fÃ©vr. 2019,The London School of Economics and Political Science (LSE),Master of Science (MSc),2016 â€“ 2017,Virginia Commonwealth University,Bachelor of Science (BSc),Economics - minor in political science,2010 â€“ 2014
146,1150.0,Criteo,Senior UX writer,juin 2021 â€“ Aujourdâ€™hui,Freelance,UX Writer & rÃ©dactrice,avr. 2019 â€“ Aujourdâ€™hui,Le Laptop,Certificat UX Design Sprint,2019 â€“ 2019,Telecom ParisTech,Master's degree,Network Industries and Digital Economy,2016 â€“ 2017
147,1521.0,Criteo,Account Strategist Core France,juin 2021 â€“ Aujourdâ€™hui,Criteo,Account Strategist Intern Mid Market FR,janv. 2021 â€“ juin 2021,ISC Paris,Master Grande Ecole,2017 â€“ 2020,à¸ˆà¸¸à¸¬à¸²à¸¥à¸‡à¸à¸£à¸“à¹Œà¸¡à¸«à¸²à¸§à¸´à¸—à¸¢à¸²à¸¥à¸±à¸¢,unknown,BBA Program,2018 â€“ 2018
148,722.0,Criteo,"Program Manager Supply Alerting, GS Data Analyst",avr. 2020 â€“ Aujourdâ€™hui,Criteo,"Privacy/GDPR , GS Data Analyst",2019 â€“ Aujourdâ€™hui,RWTH Aachen University,Master's degree,2016 â€“ 2018,Ecole Centrale de Marseille,"General Engineering Master - 2nd Term (Semester 8), Information Science & Digital Society (SISN)",unknown,2015 â€“ 2016
149,336.0,Criteo,Process Analyst,fÃ©vr. 2021 â€“ Aujourdâ€™hui,Criteo,EMEA Accounts Receivable - Finance,aoÃ»t 2017 â€“ fÃ©vr. 2021,UniversitÃ© Paris 1 PanthÃ©on-Sorbonne,Master's degree,2016 â€“ 2017,UniversitÃ© PanthÃ©on Assas (Paris II),Master's degree,"Administration et gestion des affaires, gÃ©nÃ©ral",2015 â€“ 2016
150,853.0,Criteo,Product Manager - Audience,dÃ©c. 2021 â€“ Aujourdâ€™hui,Criteo,"Manager Product Analytics (contextual, audience) & Product Manager (trading strategy)",mars 2021 â€“ dÃ©c. 2021,Ecole centrale de Lyon,Master degree Engineering School (DiplÃ´me Grandes Ecoles),2009 â€“ 2011,EM Lyon,Master degree Business School (DiplÃ´me Grandes Ecoles),Financial Mathematics,2012 â€“ 2014
151,677.0,Criteo,Project Management Officer EMEA,janv. 2021 â€“ Aujourdâ€™hui,Agence nationale du Sport,Product Owner,oct. 2020 â€“ dÃ©c. 2020,ISC Paris,Master's degree e-business & CRM,2013 â€“ 2015,The University of Texas Rio Grande Valley,Master's degree,unknown,2013 â€“ 2014
153,670.0,Criteo,Deep learning project,nov. 2021 â€“ Aujourdâ€™hui,LycÃ©e Condorcet,Oral examiner in Mathematics - PSI*,sept. 2021 â€“ Aujourdâ€™hui,ENSAE Paris,Master of Science - MS,2020 â€“ 2023,Prepa Emc2 Hadamard,Classe prÃ©paratoire aux grandes Ã©coles - MPSI/MP,"Maths, Physics, CS",2018 â€“ 2020
154,145.0,Criteo,Process analyst,mars 2021 â€“ Aujourdâ€™hui,Criteo,Process analyste,nov. 2015 â€“ Aujourdâ€™hui,UniversitÃ© Paris 8,Licence import-export,2009 â€“ 2010,Lycee Edgar Quinet paris 9,BTS commerce international,Commerce international,2007 â€“ 2009
155,3151.0,Criteo,Data Scientist,juin 2020 â€“ Aujourdâ€™hui,SESAMm,"Quantitative Trader, Data Scientist",nov. 2018 â€“ juin 2020,Ensae ParisTech,"MSc in Probability, Statistics, Quantitative Finance (Random Modeling, Ex DEA Laure Elie)",2017 â€“ 2018,UniversitÃ© Paris Diderot,MSc,"Probability, Statistics, Quantitative Finance (Random Modeling, Ex DEA Laure Elie)",2017 â€“ 2018
156,133.0,Criteo,Sales strategy business analyst intern,oct. 2021 â€“ Aujourdâ€™hui,Raiffeisen Bank International AG,"Student support in the organizational unit ""Management Reporting & Controlling Applications-BI/DQM""",janv. 2020 â€“ sept. 2020,ESIEE PARIS,Master of science MSc,2020 â€“ 2021,Technische UniversitÃ¤t Wien,Master of science MSc,Data science,2019 â€“ 2020
157,705.0,Criteo,Software Engineer,mars 2021 â€“ Aujourdâ€™hui,Criteo,Senior Data Engineer,dÃ©c. 2019 â€“ mars 2021,Ecole centrale de Lyon,Master of Engineering (MEng),2009 â€“ 2013,unknown,unknown,unknown,unknown
158,574.0,Criteo,Research Scientist Intern,sept. 2021 â€“ Aujourdâ€™hui,TAEP - ENSTA Paris,Strategy Advisor,fÃ©vr. 2021 â€“ Aujourdâ€™hui,ENSTA Paris,Engineer's degree,2019 â€“ 2022,LycÃ©e Champollion,CPGE - MP*,Mathematics and Physics,2017 â€“ 2019
159,819.0,Criteo,Staff Machine Learning Engineer,janv. 2020 â€“ Aujourdâ€™hui,Verizon Media,IngÃ©nieur R&D Senior,sept. 2016 â€“ janv. 2020,UniversitÃ© Nice Sophia Antipolis (membre d'UniversitÃ© CÃ´te d'Azur),Doctorat de MathÃ©matiques,2009 â€“ 2013,UniversitÃ© Pierre et Marie Curie,Master 2 (M2),MathÃ©matiques et Applications - ProbabilitÃ©s et Applications,2007 â€“ 2008
160,356.0,Criteo,Strategy Manager,aoÃ»t 2015 â€“ Aujourdâ€™hui,Roland Berger,Strategy Consultant,fÃ©vr. 2013 â€“ juil. 2015,National Chiao Tung University,Master of Science (MSc),2005 â€“ 2007,HEC Paris,Bachelor of Business Administration (B.B.A.),"Business Administration and Management, General",2000 â€“ 2004
161,506.0,Criteo,"ChargÃ©e de Communication, relation presse et Ã©vÃ©nementiel",oct. 2016 â€“ Aujourdâ€™hui,VIPress,ChargÃ©e de Communication et RP,juil. 2016 â€“ sept. 2016,UniversitÃ© Paris-Sorbonne,MBA,2016 â€“ 2017,Universite Saint Joseph,Masters,Information and Communication,2009 â€“ 2011
162,338.0,Criteo,Software Engineer,avr. 2020 â€“ Aujourdâ€™hui,SociÃ©tÃ© GÃ©nÃ©rale,Software engineer,aoÃ»t 2019 â€“ mars 2020,EPITA: IngÃ©nierie Informatique,DiplÃ´me d'ingÃ©nieur,2014 â€“ 2019,Sapienza UniversitÃ  di Roma,unknown,IngÃ©nierie informatique,2016 â€“ 2016
163,338.0,Criteo,Java Software Engineer,juil. 2019 â€“ Aujourdâ€™hui,BNP Paribas Corporate and Institutional Banking,IT Quant,avr. 2018 â€“ juil. 2019,Institut national des Sciences appliquÃ©es de Lyon,DiplÃ´me d'ingÃ©nieur,2010 â€“ 2015,UniversitÃ© Claude Bernard Lyon 1,Master's degree,Artificial Intelligence,2014 â€“ 2015
164,178.0,Criteo,Process Specialist,oct. 2021 â€“ Aujourdâ€™hui,Criteo,Lead-to-Cash Project Analyst - Apprentice,sept. 2019 â€“ sept. 2021,ESSEC Business School,Master of Science in Management,2017 â€“ 2021,ESSEC Asia-Pacific,Global Manager in Asia,unknown,2019 â€“ 2019
165,259.0,Criteo,CIFRE Ph.D.,sept. 2019 â€“ Aujourdâ€™hui,Criteo,Research Intern,avr. 2019 â€“ sept. 2019,Ã‰cole Normale SupÃ©rieure Paris-Saclay,M2,2018 â€“ 2019,Lancaster University,Master of Science (MSci),Mathematiques et Statistiques,2014 â€“ 2018
166,400.0,Criteo,Software Engineer Lead,dÃ©c. 2014 â€“ Aujourdâ€™hui,Criteo,Stagiaire dÃ©veloppeur,fÃ©vr. 2013 â€“ aoÃ»t 2013,EPITA,unknown,2008 â€“ 2013,Staffordshire University,Semestre Ã  l'Ã©tranger,Computer Science,2010 â€“ 2010
167,582.0,Criteo,Staff Software Engineer Lead,mai 2019 â€“ Aujourdâ€™hui,Criteo,Staff Software Engineer,dÃ©c. 2016 â€“ mai 2019,MINES ParisTech,PhD,2004 â€“ 2008,MINES ParisTech,Master Degree in Science and Executive Engineering,"Applied mathematics, Materials, Energy, Economics, Management",2001 â€“ 2004
168,516.0,Criteo,Staff Engineering Development Lead,janv. 2021 â€“ Aujourdâ€™hui,Criteo,Senior Engineering Development Lead,janv. 2020 â€“ Aujourdâ€™hui,UniversitÃ© Paris Dauphine,Master 2 MIAGE - Informatique pour la Finance,2011 â€“ 2013,UniversitÃ© Paris Dauphine,Licence MIAGE Â« MÃ©thodes Informatiques AppliquÃ©es Ã  la Gestion des Entreprises Â»,"Distributed systems, data analysis, data bases, corporate finance",2010 â€“ 2011
169,1654.0,Criteo,Data Sales Manager - Retail Media,juil. 2021 â€“ Aujourdâ€™hui,Criteo,Sales Manager,sept. 2018 â€“ juil. 2021,Conservatoire National des Arts et MÃ©tiers / CNAM,unknown,2006 â€“ 2007,UniversitÃ© de Marne-la-VallÃ©e,"DESS ""AMET"" (Master 2)",Management international,2003 â€“ 2004
170,774.0,Criteo,Account Executive,janv. 2022 â€“ Aujourdâ€™hui,papernest EspaÃ±a,Team Lead Manager - Spanish market,janv. 2020 â€“ dÃ©c. 2021,Groupe Ecole supÃ©rieure de Commerce de Dijon-Bourgogne,Master of Science (MsC) International Business Development,2015 â€“ 2019,Universidad Panamericana,Semestre acadÃ©mique,Business,2018 â€“ 2018
171,3490.0,Criteo,Director EMEA Talent Acquisition | Global Sales & Operations,janv. 2018 â€“ Aujourdâ€™hui,Criteo,Talent Acquisition Director,janv. 2018 â€“ Aujourdâ€™hui,ESSEC Management Education,Master's degree,2000 â€“ 2001,unknown,unknown,unknown,unknown
172,457.0,Criteo,Sales Manager Retail Media,janv. 2021 â€“ Aujourdâ€™hui,Criteo,Sales Manager & Account Strategist Retail Media,avr. 2020 â€“ janv. 2021,IAE Paris - Sorbonne Business School,Master 2 (M2),2018 â€“ 2019,HEC MontrÃ©al,SÃ©minaire Marketing HEC,unknown,2019
173,2485.0,Criteo,Head Of Agencies,mars 2020 â€“ Aujourdâ€™hui,Prisma Media,Head of Business Development & Advisor,dÃ©c. 2017 â€“ fÃ©vr. 2020,Ecole de Management de Marseille / Euromed Marseille,Master's degree,2007 â€“ 2008,Institut de Management Public et Gouvernance Territoriale,Master's degree,Culture and Media Strategy,2006
174,1371.0,Criteo,"Global Sales Compensation, Effectiveness & Reporting Lead",mai 2021 â€“ Aujourdâ€™hui,CWT,"Senior Director, Commercial Strategic Initiatives, Global Sales Effectiveness",fÃ©vr. 2019 â€“ oct. 2021,EMLYON Business School,Masterâ€™s Degree,1999 â€“ 2002,Janson de Sailly,BaccalaurÃ©at,unknown,1990 â€“ 1993
175,803.0,Criteo,Senior sales Manager Retail Media,mai 2021 â€“ Aujourdâ€™hui,Catalina France,Senior Key Account Manager FMCG,sept. 2019 â€“ mai 2021,Universitat Ramon Llull,Master in International Marketing and Sales Management,2012 â€“ 2013,Grenoble Ecole de Management,Master in Management,unknown,2012 â€“ 2013
176,1349.0,Criteo,Corporate Development - M&A Director,mars 2018 â€“ Aujourdâ€™hui,COGEPA,Private Equity Associate,sept. 2013 â€“ fÃ©vr. 2018,ESSEC - ESSEC Business School,"MSc, Major in Corporate Finance",2008 â€“ 2012,LycÃ©e Chaptal - Paris,unknown,unknown,2006 â€“ 2008
177,1078.0,Criteo,Product Manager,mai 2020 â€“ Aujourdâ€™hui,Arthur D. Little,Senior Strategy Consultant,dÃ©c. 2018 â€“ avr. 2020,CentraleSupÃ©lec,Master of Science - MS,2012 â€“ 2016,Universitat PolitÃ¨cnica de Catalunya,unknown,"School of Industrial Engineering of Barcelona (ETSEIB, UPC)",2014 â€“ 2014
178,1511.0,Criteo,Senior Sales Manager,nov. 2020 â€“ Aujourdâ€™hui,Teads,Industry director CPG France,janv. 2020 â€“ nov. 2020,EMLV - Ã‰cole de Management LÃ©onard de Vinci,M2,2006 â€“ 2011,Notre Dame de Boulogne,BaccalaurÃ©at,ES,2003 â€“ 2005
179,688.0,Criteo,Sales Strategy Senior Program Manager,sept. 2020 â€“ Aujourdâ€™hui,Criteo,Go To Market Operations Senior Manager,juin 2018 â€“ sept. 2020,Ecole nationale supÃ©rieure des TÃ©lÃ©communications de Bretagne,Master of Science (M.S.),2000 â€“ 2002,unknown,unknown,unknown,unknown
180,1217.0,Criteo,Strategic Publisher Parnerships Manager France,juin 2017 â€“ Aujourdâ€™hui,Criteo,Data Partnerships Manager Southern Europe,oct. 2016 â€“ Aujourdâ€™hui,UniversitÃ© de Provence (Aix-Marseille I),unknown,unknown,unknown,unknown,unknown,unknown
181,894.0,Criteo,Senior SSP Partnerships Manager,mars 2017 â€“ Aujourdâ€™hui,Criteo,RTB Strategy Manager,fÃ©vr. 2015 â€“ fÃ©vr. 2017,The University of Western Australia,Master of Commerce,2005 â€“ 2006,Nantes UniversitÃ©,MSG,Business Studies,2002 â€“ 2003
182,1174.0,Criteo,SVP Product Retail Media,oct. 2021 â€“ Aujourdâ€™hui,Criteo,VP Retail Media Product,mai 2019 â€“ nov. 2021,UniversitÃ© Paris Nord- Paris 13,University Degree,1993 â€“ 1995,unknown,unknown,unknown,unknown
183,646.0,Criteo,"Team Lead France, Brand Retail Media",fÃ©vr. 2021 â€“ Aujourdâ€™hui,Criteo,Senior Account Strategist,juil. 2019 â€“ fÃ©vr. 2021,Ã‰cole SupÃ©rieure des Sciences Commerciales d'Angers,Master,2012 â€“ 2017,"LycÃ©e de l'Assomption-LÃ¼beck, Paris 16Ã¨me",BaccalaurÃ©at,ES,2009 â€“ 2012
184,717.0,Criteo,People ExpÃ©rience Advisor,mars 2020 â€“ Aujourdâ€™hui,AXA en France,Coordinatrice de recrutement et mobilitÃ©,nov. 2018 â€“ mai 2019,INSEEC,Master's degree,2014 â€“ 2016,Ecole plus values,Bachelor's degree,"Gestion des ressources humaines  / administration du personnel, gÃ©nÃ©ral",2013 â€“ 2014
185,4264.0,Criteo,Head of Product Design,sept. 2020 â€“ Aujourdâ€™hui,Criteo,User Experience Lead,fÃ©vr. 2020 â€“ aoÃ»t 2020,Ecole SupÃ©rieure de Commerce de Dijon,Master en Management des Entreprises Culturelles,2006 â€“ 2007,EFAP,Master 1,Audiovisuel / Communication,2002 â€“ 2005
186,6039.0,Criteo,Tech Lead Recruiter,avr. 2021 â€“ Aujourdâ€™hui,Criteo,HR Project Coordinator,oct. 2020 â€“ avr. 2021,SKEMA Business School,Master's degree,2010 â€“ 2013,Asian Institute of Technology,unknown,Perfomance Management and Innovation,2013 â€“ 2013
187,984.0,Criteo,Account Strategist,nov. 2020 â€“ Aujourdâ€™hui,Kering,Junior Project Manager,mai 2020 â€“ nov. 2020,UniversitÃ© Paris Dauphine,MIB - Master in International Business,2019 â€“ 2021,UniversitÃ© Paris Dauphine- PSL,DEGEAD,unknown,2016 â€“ 2019
188,1705.0,Criteo,Creative Director,mars 2015 â€“ Aujourdâ€™hui,DNXCORP,Creative Director,janv. 2013 â€“ mars 2015,Media Management,Bachelor of design,2006 â€“ 2006,Institut supÃ©rieur des medias,Master of communication,Multimedia communication,2000 â€“ 2002
189,1037.0,Criteo,Senior Internal Control & Risk Management (IT),mars 2016 â€“ Aujourdâ€™hui,Consultant / Freelance,Consultant en SÃ©curitÃ© de l'Information,mars 2015 â€“ mars 2016,ESIEA - Ã‰COLE D'INGÃ‰NIEURÂ·EÂ·S D'UN NUMÃ‰RIQUE UTILE,Master's degree,2000 â€“ 2005,unknown,unknown,unknown,unknown
190,1093.0,Criteo,VP Talent & Culture,avr. 2021 â€“ Aujourdâ€™hui,Criteo,"Sr Director - Talent, Employer Brand and Engagement",sept. 2019 â€“ avr. 2021,Alma Mater Studiorum - UniversitÃ  di Bologna,MBA,2005 â€“ 2007,NLP (The Beyond Partnership),NLP practitioner,coaching,2012 â€“ 2012
191,521.0,Criteo,Senior Software Development Engineer,avr. 2021 â€“ Aujourdâ€™hui,Criteo,Software Development Engineer II,fÃ©vr. 2020 â€“ mars 2021,UniversitÃ© de Tokyo,Master of Science (MSc),2016 â€“ 2018,ISAE-SUPAERO,Engineer's degree,"Aerospace, Aeronautical and Astronautical Engineering",2013 â€“ 2018
192,1643.0,Criteo,Sales Strategy New Solutions Senior Business Partner,janv. 2021 â€“ Aujourdâ€™hui,Criteo,Go To Market Senior Business Partner,sept. 2019 â€“ dÃ©c. 2020,HEC Paris,"Master in Management - Grande Ã‰cole Program, Business Administration and Management",2009 â€“ 2013,LycÃ©e Madeleine DaniÃ©lou,unknown,Classe prÃ©paratoire ECE,2007 â€“ 2009
193,97.0,Criteo,"Director, Head of Order to Cash Global Operations",avr. 2021 â€“ Aujourdâ€™hui,Air Liquide,Group Working Capital Manager,avr. 2015 â€“ mars 2021,UniversitÃ© de Paris,Master's degree,unknown,unknown,unknown,unknown,unknown
194,1253.0,Criteo,Chief Executive Officer,nov. 2019 â€“ Aujourdâ€™hui,Nielsen,Chief Commercial Officer,janv. 2019 â€“ nov. 2019,unknown,unknown,unknown,unknown,unknown,unknown,unknown
195,2211.0,Criteo,Senior Director Talent & Learning,janv. 2022 â€“ Aujourdâ€™hui,Criteo,"Head of Global Employer Brand, Learning & Development",oct. 2021 â€“ dÃ©c. 2021,INSEAD,Executive Master,2016 â€“ 2018,International Coach Academy,Certified Professional Coach,Corporate & career coaching,2013 â€“ 2014
196,947.0,Criteo,Talent Acquisition Operations Manager,fÃ©vr. 2018 â€“ Aujourdâ€™hui,Criteo,Executive Recruitment Operations Coordinator,juin 2016 â€“ janv. 2018,Macquarie University,Bachelor,2007 â€“ 2010,Evolve Now!,Master Practitioner and Trainer,Neuro Linguistic Programming,2014 â€“ 2014
197,345.0,Criteo,"Project Management Officer EMEA, Retail Media",janv. 2022 â€“ Aujourdâ€™hui,Freelance,Digital Marketing Consultant,janv. 2021 â€“ dÃ©c. 2021,EMLV - Ã‰cole de Management LÃ©onard de Vinci,Master of Business Administration - MBA,2019 â€“ 2020,Haaga-Helia University of Applied Sciences,Bachelor of Business Administration - BBA,International Business - Specialisation in Financial Management for Global Business,2015 â€“ 2019
198,300.0,Cushman & Wakefield,Facilities Manager - Criteo chez Cushman & Wakefield,janv. 2021 â€“ Aujourdâ€™hui,Criteo,Office Manager assistant,juin 2018 â€“ Aujourdâ€™hui,UniversitÃ© de Perpignan Via Domitia,Master I Droit de lâ€™immobilier et de lâ€™urbanisme,2005 â€“ 2007,unknown,unknown,unknown,unknown
199,826.0,Criteo,"Category buyer - Travel, Marketing & Communication",sept. 2020 â€“ Aujourdâ€™hui,Criteo,Global Travel Management and Procurement Associate,mars 2019 â€“ Aujourdâ€™hui,KEDGE Business School,Master Achats Internationaux et Innovation (MAI),2017 â€“ 2018,Ecole supÃ©rieure de Commerce de Rennes,"Master of Science (MSc), Programme Grande Ecole",unknown,2012 â€“ 2016
200,414.0,Criteo,Product Manager,nov. 2019 â€“ Aujourdâ€™hui,Amadeus,Product Manager/ Product Owner,juin 2016 â€“ sept. 2019,Ecole Centrale Paris,Master's degree,2014 â€“ 2015,Tunisia Polytechnic School,Master's degree,unknown,2012 â€“ 2015
201,937.0,Criteo,Strategy & Finance Director - EMEA,oct. 2021 â€“ Aujourdâ€™hui,Sanofi,"Head of Finance Planning & Analysis, Corporate Functions",sept. 2020 â€“ nov. 2021,UniversitÃ© Paris Dauphine,"Master 225, Corporate Finance & Financial Engineering",2007 â€“ 2012,unknown,unknown,unknown,unknown
